Acaiaca,
Andiroba,
Antônio Ribeiro de Abreu Primeira Seção,
Antônio Ribeiro de Abreu Segunda Seção,
Antônio Ribeiro de Abreu Terceira Seção,
Beija Flor,
Beira-Linha,
Bela Vitória,
Belmonte,
Boa Esperança,
Cachoeirinha,
Canadá,
Capitão Eduardo,
Carioca,
Cidade Nova,
Concórdia,
Conjunto Capitão Eduardo,
Conjunto Paulo VI,
Conjunto Ribeiro de Abreu,
Dom Silvério,
Eymard,
Fernão Dias,
Goiânia,
Graça,
Grotinha,
Guanabara,
Ipê,
Ipiranga,
Jardim Vitória,
Maria Goretti,
Maria Virgínia,
Mirtes,
Morro dos Macacos,
Nazaré,
Nossa Senhora da Penha,
Nova Floresta,
Ouro Minas,
Palmares,
Paulo VI,
Pousada São João Batista,
Pirajá,
Pousada Santo Antônio,
Renascença,
Ribeiro de Abreu,
Santa Cruz,
São Benedito,
São Gabriel,
São Marcos,
São Paulo,
São Sebastião,
Silveira,
Vila Tiradentes,
Três Marias,
União,
Universitário,
Vila da Luz,
Vila da Paz,
Vila de Sé,
Vila do Pombal,
Vila Esplanada,
Vila Enestan,
Vila Ipiranga,
Vila Maria,
Vila Nova Cachoeirinha Terceira Seção,
Vila Ouro Minas,
Vila Ozanan,
Vila São Gabriel,
Vila São Paulo,
Vista do Sol,
Vitória
