Apolônia,
Canaã,
Candelária,
Cenáculo,
Conjunto Minascaixa,
Conjunto Serra Verde,
Copacabana,
Europa,
Evereste,
Flamengo,
Jardim Ana Lúcia,
Jardim dos Comerciários,
Jardim Leblon,
Juliana,
Lagoa,
Kátia,
Lagoinha Leblon,
Laranjeiras,
Letícia,
Mantiqueira,
Maria Helena,
Minas Caixa,
Nossa Senhora Aparecida,
Nova América,
Parque São Pedro,
Piratininga,
Rio Branco,
Santa Mônica,
São João Batista,
Serra Verde,
Universo,
Várzea da Palma,
Venda Nova,
Vila Canto do Sabiá,
Vila Copacabana,
Vila dos Anjos,
Vila Jardim Leblon,
Vila Mantiqueira,
Vila Piratininga Venda Nova,
Vila Santa Branca Primeira Seção,
Vila Santa Branca Segunda Seção,
Vila São João Batista,
Vila Satélite,
Vila SESC
